contract_name,contract_address,block_height
NFT.com Genesis Key,0x8fB5a7894AB461a59ACdfab8918335768e411414,14681374
NFT.com Profile,0x98ca78e89Dd1aBE48A53dEe5799F24cC1A462F2D,14681511
MegaPark,0xC654eA8816D410349c40B62d2665D450E7c225ed,14728777
Rolex,0xcaE0180625A70F210c50e1979f64e9861B423b82,14624285
Mutant Ape Yacht Club,0xCB07acB32212d2a3A7Fa14bf570A06af081903Dd,14784843
Louis Vuitton,0x034a0e87CCb2943e60ddc1Fd6a3AB3AaA442e554,14631057
NBA,0x026dEbBa6a0e1f8b24923363073e99bE3E4075a8,14309595
VeeFriends,0xa3AEe8BcE55BEeA1951EF834b99f3Ac60d1ABeeB,12414465
The Knight Rider,0x0988EaA753CCBCcD75D86F8B4da83770F1fc8803,14555158
Ether Reapers,0x0a5b9b930fc5bE638232D8b9b69Cb5B46249c06e,13456285
Nintendo,0x3A6cB56d73D55EfBCAD735d028b9CA2Cf65Db8a3,14616146
KevinKaijuz,0x0aC17F1aE11d41776149568c211f7C01d57D2299,14307016
GoldHunter,0x66fCA7555CD481545A5e66bA9a2bEC1e256F98e7,13698496
Cultured Orangutan,0x82628be9bdE73B862e972793a151e7dea9E9249C,13687672
3D tiny dinos,0x075b6Eb71ccf661c47bF23C287132b2F68990eFe,14602828
LITizen 2: MarinMarireis,0x330AaA57bEe7B6c94423F0C5F9A28d0BaEA4BFaB,14319666
Stranger EggZ,0x11957A61aC1684Efa13f421e380857DC32E366C7,13083959
Larva Cats,0x08973EF83c2Bc44AebCE790Eb232B6320134bbAb,14008946
NFF,0xeAf10ed6e870ab0743a6BFCb9c414CEff63a3F5f,14448784
MarenDAO,0xc51029fB5FCd4F8748255fdf67a5410567b5566C,14033155